,name,green_rating
133,24 CARROTS JUICE BAR & CAFE,2
202,32 SHEA,2
828,AHIPOKI BOWL,2
390,7TH STREET PUBLIC MARKET,2
643,ABUELO'S,1
877,AJ'S FINE FOODS,2
568,A.Y.C.E. BUFFET,2
363,7-ELEVEN,1
825,AHIPOKI,2
215,360 RESTAURANT,1
191,300 EAST,2
675,ACES & ALES,1
322,5CHURCH,1
327,5TH AND WINE,1
937,AKITA SUSHI,1
88,1897 MARKET,2
500,A PIECE OF HAVANA,2
320,595 CRAFT AND KITCHEN,2
549,A&W,1
399,800 DEGREES,1
225,3ON SMITH CAFE,2
905,AJO AL'S MEXICAN CAFE,1
403,808 HAWAII MIXED PLATE,1
249,416 SNACK BAR,1
883,AJ'S PURVEYOR OF FINE FOODS,2
314,56 KITCHEN,2
45,131 MAIN,1
271,5 & DINER,1
595,ABAY ETHIOPIAN CUISINE,2
11,0109 DESSERT & CHOCOLATE,2
820,AH-SO SUSHI & STEAK,1
649,ABYSSINIA RESTAURANT AND CAFE,2
129,21ST STREET COFFEE AND TEA,2
900,AJISEN RAMEN,1
893,AJI SAI JAPANESE RESTAURANT,1
787,AGAINST THE GRAIN,1
34,107 SKYLOUNGE,1
408,808 TAPAS,1
651,ACACIA CAFE,2
833,AHWATUKEE FARMERS' MARKET,2
179,3 PALMS PIZZERIA,1
119,204 NORTH KITCHEN & COCKTAILS,2
384,7TH & CARSON,1
61,168 MARKET,2
448,99 CENTS ONLY STORES,1
450,99 RANCH MARKET,1
789,AGAVE,1
362,7 WEST CAFE,1
407,808 SUSHI,1
697,ACTINOLITE RESTAURANT,2
647,ABYSSINIA ETHIOPIAN RESTAURANT,2
920,AKAIHANA SUSHI & GRILL,1
63,168 SUSHI JAPAN BUFFET,1
849,AIOLI GOURMET BURGERS,2
328,5TH AVENUE CAFE,2
809,AGRIKOL,2
642,ABUELA'S TACOS,2
515,A T OASIS COFFEE & TEA SHOP,2
911,AKA TEPPAN,1
294,50'S DINER OMELET HOUSE,1
841,AIELLO'S EAST COAST ITALIAN,2
246,40TH STREET CAFE,2
79,1847 AT THE STAMM HOUSE,2
242,4&20 BAKERY & CAFE,2
822,AHI MAHI FISH GRILL,2
36,111 BISTRO,2
987,AL'S BEEF,1
370,702 PREP,2
827,AHIPOKI - TEMPE,2
730,ADELA'S ITALIAN,1
913,AKA-ONI IZAKAYA,1
160,3 AMIGOS,1
37,1130 THE RESTAURANT,1
720,ADDA COFFEE & TEA HOUSE,2
743,ADONIS,1
415,850 DEGREES PIZZERIA,1
153,28GO THE RESTAURANT,2
425,8OZ KOREAN STEAK HOUSE,1
209,35 STEAKS + MARTINIS,1
46,131 MAIN RESTAURANT,1
90,1900 MEXICAN GRILL,1
304,521 BBQ & GRILL,1
733,ADI'S ACTIVE NUTRITION,2
342,61C CAFE,2
394,8 NOODLE BAR,1
593,ABARI GAME BAR,2
895,AJI SPA,2
916,AKAHANA ASIAN BISTRO,1
747,ADRIAN'S,2
613,ABC STORES,2
635,ABRUZZO PIZZA,1
644,ABUGIDA ETHIOPIAN CAFE & RESTAURANT,2
214,360 GOURMET BURRITO,2
194,3030,1
483,A LA BRASA MEXICAN GRILL,2
842,AIELLO'S PIZZA,1
840,AIELLO'S,1
797,AGIO,1
611,ABC STORE,2
62,168 SUSHI ASIAN BUFFET,1
255,48TH AND CREPE,2
810,AGRITOPIA,2
474,A COOKIE & A CUPCAKE BOUTIQUE,2
284,5 R CHA THAI BISTRO,2
219,37 SOL SOUTHWEST KITCHEN AND TEQUILA BAR,2
997,AL'S GARAGE,2
584,AAAMAZING SALAD,2
904,AJO AL'S,1
509,A SHOT OF JAVA,2
355,7 NUMBERS RESTAURANT,2
774,AFRICAN PALACE,2
266,4TH SPOT KITCHEN & BAR,2
439,92ND STREET CAFE,1
183,3 ROOTS COFFEE HOUSE AND CAFE,2
331,5TH ELEMENT COFFEE,2
121,21 CAKES,2
354,7 NUMBERS DANFORTH,2
668,ACE HOTEL PITTSBURGH,2
248,414 PUB & PIZZA,1
826,AHIPOKI - PHOENIX,2
703,ADA'S FISH FRY,1
489,A LA MODE,2
824,AHI REVOLVING SUSHI,1
20,100 DEGREES HOT POT,2
208,346 PATISSERIE,2
745,ADRAK,1
28,100TH BOMB GROUP,1
815,AH HAI SUSHI & GRILL,1
41,12 WEST BREWING,2
292,50 SHADES OF GREEN,2
918,AKAI HANA SUSHI & GRILL,1
836,AI SUSHI,1
307,52ND STREET MARKET,2
728,ADEGA,1
761,AFFY'S PREMIUM GRILL,1
25,1000 DEGREES NEAPOLITAN PIZZERIA,1
729,ADEGA RESTAURANTE,1
50,1455 AMERICAN GRILL,2
467,A BAR AND KITCHEN,1
317,57 CALS,2
630,ABOVE THE CRUST,1
801,AGO BISTRO,1
850,AIOLI GOURMET BURGERS AND CATERING FOOD TRUCK,2
779,AFT KITCHEN & BAR,1
785,AFTON TAVERN,2
871,AJ BOMBERS,2
89,1900 ASIAN CUISINE,2
533,A TOUCH OF EUROPEAN CAFE,1
235,4 LIFE NATURAL FOODS,2
837,AIDA'S MEDITERRANEAN BISTRO,2
335,6 DEGREES URBAN KITCHEN,2
397,8-BIT ALEWORKS,2
794,AGAVE Y AGUACATE,1
24,100% NATURAL MEXICAN GRILL,2
149,259 HOST,1
247,4121 MAIN,2
196,309 DHABA INDIAN EXCELLENCE,1
6,'ONO POKÉ BAR,2
73,18 DEGREES,1
555,A'PIZZA BADAMO,2
616,ABC THE TAVERN,1
660,ACCORDS,2
315,56 WEST,2
102,19TH AVENUE FARMERS MARKET,2
740,ADOBO DRAGON,2
218,369 SHANGHAI DIM SUM,2
372,71 AMERICAN GRILLE,2
716,ADAMSON BARBECUE,1
742,ADOLFO'S RESTAURANT,2
626,ABO'S GRILL,2
465,A BAKESHOP,1
788,AGAINST THE GRAIN URBAN TAVERN,1
683,ACME FRESH MARKET,2
915,"AKAHANA - ASIAN BISTRO, BAR & SUSHI",1
332,5TH ELEMENTT,1
580,AAA BAR,1
921,AKANE SUSHI,1
621,ABERDEEN DELICATESSEN,2
115,2 SCOOPS OF ALOHA LV,2
16,1 LOVE KITCHEN,2
436,9091,2
124,21 LOUNGE & KITCHEN,2
137,24 SEVEN CAFE,1
807,AGRA FINE INDIAN CUISINE,1
197,31 KITCHEN,2
692,ACROPOLIS CAFE & GRILL,2
146,25 DEGREES,1
100,1947 TAVERN,1
444,98 AROMA,2
116,201 CENTRAL,2
410,80TH AND IVY,1
655,ACADIA RESTAURANT,1
253,43 NORTH,1
888,AJBANI MOROCCAN CUISINE,2
928,AKI MATSURI FESTIVAL,2
876,AJ'S FINE FOOD - DC RANCH,2
650,ACACIA,1
453,@ DAWN,2
654,ACADEMY TAVERN,2
676,ACES BAR & GRILL,2
110,2 GALS KITCHEN,2
963,AL HAMRA,1
417,87 WEST 2,1
854,AIR CANADA MAPLE LEAF LOUNGE,1
737,ADMIRALS CLUB,1
943,AKRAM'S SHOPPE,2
892,AJI SAI,1
919,AKAI SUSHI,2
894,AJI SAI PLUS RESTO LOUNGE,1
21,100 PERCENT KOREAN,1
923,AKASAKA JAPANESE RESTAURANT,1
592,ABACUS INN CHINESE RESTAURANT,1
426,8TH AVE PIZZA,1
552,A&W RESTAURANT,2
722,ADDICTION RESTAURANT,1
58,16-BIT BAR+ARCADE,1
226,3PM CAFE,2
686,ACORN PITTSBURGH,1
336,6 FLAVORS,2
891,AJI PICANTE,2
933,AKIRA BACK,1
96,1915 LAN ZHOU RAMEN,1
5,&COMPANY RESTO BAR,1
66,17 SOUTH BOOZE & BITES,2
78,1815 TAVERN,2
977,AL PREMIUM FOOD MART,2
816,AH SIN,1
27,1001 NIGHTS HOOKAH & RESTAURANT,2
667,ACE DONUTS,1
819,AH-SO,1
885,AJ'S URBAN GRILL,2
318,5801 VIDEO LOUNGE AND CAFÉ,1
832,AHWATUKEE COUNTRY CLUB,2
49,1410 WORLD BIER HAUS,1
796,AGINCOURT BAKERY,1
192,301 MONGOLIA,1
156,2ND AND HIGH POKE HOUSE + BAR,2
165,3 BROTHERS PIZZA,1
710,ADAMAH NEIGHBORHOOD TABLE,2
72,18 ASIAN AND SUSHI BAR,1
404,808 ISLAND CRAVES,2
81,1855 SALOON AND GRILL,1
993,AL'S DONUTS,1
724,ADDIS ABABA RESTAURANT,2
780,AFTER QUEEN TEA SHOP,1
585,AACHI SOUTH INDIAN KITCHEN,2
821,AH-SO TEPPANYAKI & SUSHI HOUSE OF JAPAN,1
572,A18 I LOVE CRAB & KARAOKE,1
59,1600 WORLD BIER HAUS,2
201,32 DEGREES DRAFT BAR,1
519,A TASTE OF BUFFALO,1
99,1923 BOURBON BAR,1
351,7 DIM SUM,2
375,747 WINE BAR,2
567,A.J. ROCCO'S,2
946,AKROPOLIS CAFE AT ARBORETUM,1
398,8.2.0 PIZZERIA & BAR,1
591,ABACUS INN,1
64,16TH STREET SPORTS BAR & GRILL,1
93,1905 EATERY,2
618,ABE & MARY'S,2
51,15 NORTH ROADSIDE KITCHEN,2
640,ABSOLUTE ORGANICS,2
168,3 COINS OPEN KITCHEN,2
628,ABOUT CHEESE,2
15,1 HAWAIIAN BARBECUE,1
32,101 BOTTLES OF BEER ON THE WALL,2
181,3 RAVENS FOOD & SPIRITS,2
678,ACES GRILLE - NORTH RIDGEVILLE,2
682,ACME BURGER COMPANY,1
691,ACR HOT ROTI & DOUBLES,2
432,9 THAI KITCHEN,2
800,AGO,1
532,A THYME FOR ALL SEASONS,1
880,AJ'S MONGOLIAN BBQ,1
924,AKASHIRO,1
561,A-OK COFFEE,2
914,AKABANE SUSHI,2
136,24 KARROT KITCHEN,2
401,806 MARTINI AND WINE BAR,2
341,61B CAFE,2
97,1918 TAP & TABLE,2
511,A SLICE ABOVE,1
182,3 REGIONS VIETNAMESE KITCHEN,1
252,424 WALNUT,1
966,AL MADINA HALAL FAMILY RESTAURANT,2
373,"720 MUSIC, CLOTHING AND CAFE",2
619,ABE'S OF SCOTTSDALE DELI RESTAURANT,1
396,8 SUSHI,1
433,90 NINETY BAR + GRILL,1
141,24/7 LIMOUSINES,1
812,AGUA WATER STORE,2
492,A LADYBUG BAKERY & CAFE,1
472,A CAFETERIA BY MORRISON FARMS,2
446,99 BOTTLES,1
329,5TH AVENUE DELI & GRILL,1
430,9 ON THE PLATE,2
440,93 HARBORD,2
864,AIRSPACE LOUNGE,1
80,1847 WINE AND BEER BISTRO,2
281,5 POINTS COFFEE & TEA,2
558,A-GAME CAFE,1
588,AANCH MODERNIST INDIAN CUISINE,1
527,A TASTE OF SAIGON RESTAURANT,2
661,ACCORDS LE BISTRO,2
71,17TH STREET CAFE,1
843,AIELLO'S PIZZERIA,1
18,1 POT,1
570,A1 SWEETS & RESTAURANT,2
755,AF1 CARIBBEAN CANTEEN,1
606,ABC CAKE DECORATING SUPPLIES,1
540,A WEDDING CHAPEL,1
221,39 SPICES,1
520,A TASTE OF CAROLINA,2
198,31ST STREET PUB,2
673,ACE'S PLACE BAR GRILL HUB,2
757,AFANDI RESTAURANT AND MARKET,1
67,17 STEAKHOUSE AND BAR,1
992,AL'S DELI,1
879,AJ'S INCA PERUVIAN RESTAURANT,2
732,ADESSO CAFE,2
87,1890 AT THE ARCADE,2
150,2601 ON CENTRAL,1
998,AL'S GYRO'S,1
522,A TASTE OF GREECE FESTIVAL,2
869,AIX EN PROVENCE,1
145,24TH STREET PIZZA & GYROS,1
239,4 SONS FOOD STORES,1
112,2 GREEK GALS,2
391,8 1/2 ULTRA LOUNGE,2
579,AA WHOLESOME BAKERY,2
383,7GRAINS BAKERY & CAFÉ,2
925,AKCO LOUNGE,2
82,1865 COFFEE,2
929,AKIBA KISSA MANGA CAFE,1
245,40/40 CLUB,1
379,75TH THAI TASTE RESTAURANT,1
4,#1BROTHERS PIZZA,1
949,AKWABA,2
395,8 SEASONS GRILLE,1
279,5 O'CLOCK SOMEWHERE BAR,1
906,AJS BURGER PERUVIAN RESTAURANT,2
994,AL'S DONUTS & CAFE BURGER,1
763,AFGHAN CUISINE,1
3,#1 SUSHI,1
303,520 SUSHI,1
200,32 DEGREES,2
147,25 LIBERTY,2
1,#1 HAWAIIAN BARBECUE,1
39,12 O' LUNCH,2
324,5S17,2
839,AIELLI RISTORANTE,2
13,1 BROTHERS PIZZA,1
656,ACAJOU BR,1
944,AKRON CITY TAVERN,1
712,ADAMO,1
901,AJK CHINESE CUSINE,1
731,ADELAIDE STREET PUB,2
84,1886 BUFFALO CAFE,1
890,AJI MOBILE FOODS,2
586,AACHI SOUTHINDIAN KITCHEN,2
368,701 MAIN,2
429,9 BARS,2
698,ACTIVEFOREVER,1
382,786 HALAL RESTAURANT,2
431,9 RESTAURANT,1
29,100℃,1
385,7TH DISTRICT RESTAURANT & LOUNGE,1
463,A 1 SWEETS RESTAURANT,2
65,17 PUBLIC SQUARE,2
557,A+ SUSHI & BIBIM,2
103,19TH DONUT HOLE,1
909,AKA,1
114,2 PIERROTS,2
30,101 ASIAN BUFFET,1
908,AJUKER CHICKEN,2
296,500 DEGREES PIZZERIA,1
975,AL PASTOR,1
289,5 STAR BBQ & GRILL,1
123,21 GREENS,2
578,AA OZZY BAKERY,1
932,AKINA JAPANESE CUISINE,1
739,ADOBO CAFE,2
10,00 GELATO,1
931,AKIMI JAPANESE CUISINE,1
125,21 RESTAURANT & LOUNGE,1
818,AH-SAH-EE CAFE,2
804,AGORA CAFÉ,2
143,241 PIZZA,1
40,12 TABLES,2
311,55 CHICAGO,1
875,AJ'S BURGER & PERUVIAN CHICKEN,2
562,A-OK FOODS,1
411,811 KITCHEN BAR LOUNGE,1
704,ADAM & EVE CHOCOLATIER,2
74,180 SECONDI,1
273,5 & DINER DELUX SURPRISE,1
781,AFTER RAIN,2
184,3 SOEURS,2
274,5 BELOW CREAMERY,2
543,A XIANG,2
189,3'S CO COFFEE BAR,2
237,4 SISTERS RESTAURANT,1
476,A CUPCAKE A DAY...,1
620,ABE'S RESTAURANT,1
566,A-WOK RESTAURANT,2
445,98 SOUTH,1
632,ABRUZZI ITALIAN CUCINA,1
541,A WISH CAKE & CAFE,2
718,ADAPTIVE FORCE PERFORMING ARTS,2
459,A & K CHINESE RESTAURANT,2
645,ABX AMERICAN BURGER WORKS,1
526,A TASTE OF QUEBEC,2
652,ACACIA FINE FOODS,1
504,A PLUS BUFFET SUSHI BAR,1
670,ACE OF STEAKS,1
418,88 CHINA BISTRO,1
950,AL & B'S BARBEQUE,1
829,AHNALA MESQUITE ROOM,1
866,AISHITERU ASIAN BISTRO,1
275,5 DOLLAR CAFE,1
756,AFAMIA MEDITERRANEAN GRILLE,2
158,2ND NATURE BAKERY AND CAFE,2
187,3 TOMATOES AND A MOZZARELLA,1
750,ADRIANO'S PIZZA AND PASTA,2
276,5 ELEMENTS ESPRESSO BAR,2
152,27TH AVE BAR N GRILL,2
865,AISH TANOOR,2
784,AFTON PUB & PIZZA,1
873,AJ'S,2
961,AL FERRI & SONS,2
806,AGOSTINO'S SUSHI ROCK,2
326,5STARS SHAWARMA & GRILL,1
213,360 BISTRO,1
367,70'S SHOP & HOOKAH LOUNGE,2
300,5100 BAR & GRILL,1
338,608 RESTAURANT AND BAR,1
917,AKAHANA ASIAN BISTRO - BELMONT,1
679,ACKEE TREE,1
831,AHWATUKEE AUTO SPA,1
631,ABREUVOIR BAR & TERRASSE,2
175,3 MARGARITAS,1
496,A MOUTHFUL CONCESSIONS & CATERING,2
122,21 DEGREES CIGAR LOUNGE,1
663,ACE BAKERY & BREAD STORE,2
852,AIR BAR,1
60,1602,2
236,4 ORIGINES,2
529,A TASTE OF SOUL,2
222,3940 COFFEE AND TEA,2
217,365 BY WHOLE FOODS MARKET,2
339,608 SPORTS BAR & RESTAURANT,2
416,86'D EATS,2
405,808 SHAVE ICE,1
746,ADRENALINE SPORTS BAR AND GRILL,1
752,ADVENTUROUS STILLS,2
735,ADISIL,1
605,ABC BAKERY COFFEE SHOP,1
988,AL'S CAFE,1
766,AFGHAN KEBAB & SHAWARMA,1
790,AGAVE BLUE FROZEN YOGURT,1
393,8 FORTUNE CUSINE,2
777,AFRICANA RESTAURANT AND LOUNGE,2
428,8WIRE LAN CENTER & INTERNET CAFE,2
31,101 BISTRO,2
286,5 R CHA THAI GO,1
250,417 RESTAURANT + LOUNGE,2
748,ADRIAN'S PIZZA,1
545,A! XIANG,1
107,2 CATS,1
177,3 MONKEYS EATERY,2
267,4TH STREET BAR & GRILL,1
265,4TH FLOOR GRILLE & SPORTS BAR,1
898,AJIMI SUSHI,2
477,A CUT ABOVE RESTAURANT,1
778,AFRODITI,1
7,'ROUND TABLE TOURS,2
882,AJ'S PIZZERIA & DINER,2
132,229,1
947,AKROPOLIS KAFE,1
614,ABC STORES 114,2
227,3Q,2
104,1ST WARD BEVERAGE,2
376,750 ML WINES,1
157,2ND ANNUAL ASIAN FOOD FESTIVAL,2
524,A TASTE OF JAPAN RESTAURANT,2
230,3RD PLACE NEIGHBORHOOD GRILL,1
653,ACADEMY OF LIONS,2
847,AIM HIGH FITNESS CAFE,2
536,A TOUCH OF ITALY,1
872,AJ FAMILY RESTAURANT,2
241,4 WOOD GRILLE,1
896,AJI SUSHI,1
957,AL DENTE,1
741,ADOBO EXPERIENCE,1
945,AKROPOLIS CAFE,1
858,AIRPORT BUKHARA,1
964,AL KABAB,2
868,AIX CUISINE DU TERROIR,1
648,ABYSSINIA RESTAURANT,2
512,A SLICE OF BELLA,2
244,40 WESTT,1
934,AKIRA HIBACHI & SUSHI,1
180,3 PALMS PIZZERRIA,2
721,ADDICTED COFFEE & ICE CREAM,2
319,583 BISTRO,2
466,A BAO TIME,1
983,AL TANOOR,1
144,244 PIZZA & WINGS,2
803,AGORA,2
44,12TH FAIRWAY BAR & GRILL,2
564,A-RI-RANG,1
126,21 SEVEN MARKET,2
594,ABARROTES EL PRIMO,2
684,ACME FRESH MARKET - HUDSON,2
343,650 CAFE BISTRO,2
285,5 R CHA THAI DINER,2
559,A-MART,2
713,ADAMS 7TH STREET MARKET,1
54,15° FAHRENHEIT ROLLED ICE CREAM,1
834,AHZIMAE ZIPBAP,2
910,AKA FUJI,1
674,ACES,2
366,70 DOWN,1
111,2 GIRLS' CAFE & BAKERY,2
907,AJS RESTAURANT,2
120,21 BUFFET,2
118,2030 BUBBLE TEA CAFE,1
134,24 HOUR SOUL FOOD EXPRESS,2
575,A8 CHINA,1
563,A-ONE CATERING,2
927,AKI DA JAPANESE SEAFOOD HOUSE,1
148,255 BY ALTA ROSSA,1
113,2 MEN AND A PIZZA,2
211,3535 BAR,1
638,ABSOLUTE BAKERY & CAFE,1
75,1800 DEGREES,1
539,A WAY OF LIFE HAIR & HEALTH CENTER,2
848,AIOLI BISTRO,1
537,A TOUCH OF YOGURT,1
986,AL'S BAR & GRILLE,1
689,ACQUOLINA RISTORANTE,1
881,AJ'S PERSIAN GRILL AND CAFE,2
981,AL RAYAN 3,2
693,ACROPOLIS GYRO HOUSE & GRILLE,1
694,ACROPOLIS OUZERIE,1
42,120 DINER,1
984,AL WILHELMY FLOWERS,2
14,1 FOR THE ROAD,2
485,A LA CREPES,1
349,6TH STREET GASTRO PUB & PIZZA,1
356,7 PLUS WATER & ALKALINE,2
371,702 WING SPOT,1
749,ADRIAN'S PIZZA AND SIX PACKS,2
23,100% KOREAN RESTAURANT,1
22,100 TOPS SUPERMARKET,2
409,8090 KTV,1
287,5 SAISONS SUSHI,1
297,5030 COCKTAIL LOUNGE,2
502,A PIZZA PLUS,1
56,16 A HANDCRAFTED EXPERIENCE,1
8,'TUREL,2
490,A LA SAJ,1
973,AL OMDA HOOKAH,1
516,A TASTE ABOVE,2
845,AIKAWA,1
497,A PANDA BUFFET,2
725,ADDISONS LOUNGE,2
727,ADDY'S RESTAURANT,1
608,ABC EURO DELICATESSEN,2
935,AKIRA SUSHI,2
659,ACCENT RESTAURANT,1
960,AL DENTE TRATTORIA,1
751,ADVANCED MUSCLE AND PERFORMANCE THERAPY,2
598,ABBEY ROAD PUB & PATIO,1
874,AJ'S BAR AND GRILL,1
646,ABYSSINIA,1
953,AL ARUBA,2
939,AKKO CAKE HOUSE,1
666,ACE COFFEE & DINER,1
719,ADAR KOSHER PIZZA,1
624,ABJURATION BREWING,2
899,AJISAI JAPANESE CUISINE,1
795,AGGIE'S ICE CREAM & GRILL,2
715,ADAMS NATURAL MEATS,2
709,ADAM'S RIBS,1
669,ACE OF SPUDS TRUCK,2
627,ABOKICHI,2
979,AL RAFEDIN,1
625,ABLE BAKER BREWING,2
687,ACOUSTIC MOOSE CAFE,2
830,AHUJA CAFETERIA,2
677,ACES GRILLE - MIDDLEBURG HEIGHTS,1
959,AL DENTE RESTAURANT & BANQUET HALL,2
999,AL'S MEAT MARKET,2
174,3 LAKES GOLF COURSE,2
251,420 BAKING COMPANIES,2
77,1812 GRILLHOUSE,1
573,A3 NAPOLI,1
438,911 TACO BAR,2
565,A-TOWN GRILL & EATERY,2
291,"5 VINES WINE, CRAFT BEER & SPIRITS",2
92,1903 A HARLEY-DAVIDSON CAFÉ,2
560,A-MART ASIAN GROCERY,1
365,70 CHINESE AND SUSHI,1
340,613 GRILL,1
283,5 R CHA THAI,1
106,2 BROS CUISINE,2
142,24/7 XPRESS,1
117,2010 FUSION RESTAURANT,2
262,4TH AVENUE GRILLE,2
346,68 KITCHEN,1
484,A LA CARTE AT THE GARDINER,2
449,99 PUB AND GRILL,1
135,24 HOUR TATTOO,1
421,888 NOODLE BAR,1
513,A SLICE OF CHICAGO AT THE INN ZONE,1
435,900 DEGREE PIZZA,2
186,3 TOMATOES & A MOZZARELLA,1
392,8 BELOW ICE CREAM,1
377,750ML WINES,1
499,A PHINER BISTRO,2
427,8TH DAY COFFEE & CULTURE,1
223,398 WEST,1
583,AAABAR SWIMMING POOLS,1
9,.99 CENT PIZZA PLACE,2
299,51 WINGS AND THINGS,1
313,56 EAST BAR AND KITCHEN,2
498,A PERFECT PIZZA,1
505,A PLUS VIP LOUNGE,1
491,A LA TURQUE,1
493,A LADYBUG ORGANIC FOODS & BELGIUM BAKERY,2
254,480 BAR,1
662,ACE & ALE TAP HOUSE,1
456,A & C VIDEO GAMES,1
457,A & J CHICAGO STYLE BAR-B-Q,2
494,A LUNCHEON TIME,2
240,4 U TEA HOUSE,2
480,A HUI HOU,2
856,AIRDRIE WOK,2
851,AIOLI KITCHEN BAR,1
802,AGO NORMA RIDLEY MEMBERS' LOUNGE,1
793,AGAVE TEQUILERIA & COCINA,1
323,5IVE LOUNGE,2
316,56TH ST DELI & MARKET,1
811,AGUA EL MANANTIAL,1
813,AGUAMENTI,1
310,5395 WEST SOUL FOOD PLACE,2
302,520 BBQ HOUSE,1
690,ACR ELOTES,2
473,A COOKIE & A CUPCAKE,1
298,505E,2
475,A COUNTRY PLACE MEXICAN FOOD,2
290,5 STAR WINGS,2
288,5 SPICE DINING,1
220,3734,1
791,AGAVE MEXICAN GRILLE,1
347,6IX BAR AND GRILL,1
506,A QUINTA,1
234,4 KINGS NORTH,2
358,7 SEAS SEAFOOD & GRILL RESTAURANT,1
884,AJ'S STEAKHOUSE,1
760,AFFOGATO TRUCK,1
723,ADDIES,1
94,1909 TAVERNE MODERNE,1
441,941 SALOON,1
574,A519 CHOCOLATE,2
615,ABC TAXI COMPANY,1
70,17TH LIQUOR BOUTIQUE,2
437,911 PIZZA,2
581,AAA BAR & RESTAURANT SUPPLY,1
971,AL MUSTAFA CATERING,2
53,157 LOUNGE,1
378,751 LOUNGE,1
386,7TH HEAVEN EATERY,1
387,7TH SISTER BAKERY,2
26,1000 GRAMMES,1
406,808 SOCIAL,2
995,AL'S EATERY & BAKERY,2
551,A&W ALL-AMERICAN FOOD,1
109,2 FAT GUYS GRILLED CHEESE,1
127,216 BISTRO,2
531,A TASTY AFFAIR,2
886,AJA SUSHI PLACE,2
510,A SIMPLE LIFE,2
518,A TASTE OF  PHO VIETNAMESE CUISINE,2
525,A TASTE OF PHILLY,2
912,AKA WINE BAR,1
128,2182 BISTRO & WINE BAR,1
530,A TASTE OF THE ISLANDS,1
641,ABSOLUTE RESTAURANT & CAFE,1
451,998 NARUTO SUSHI,1
139,24/7 COFFEE SHOP,1
636,ABRUZZO RISTORANTE,1
765,AFGHAN KABOB RESTAURANT & BAKERY,1
374,722 WORLD BIER HAUS,1
333,5TH QUARTER SPORTS BAR & GRILL,1
767,AFGHAN KEBOB CUISINE,1
759,AFFOGATO,1
770,AFGHAN VILLAGE RESTAURANT,1
353,7 LOUNGE,1
773,AFRICAN HERITAGE MARKET,2
792,AGAVE SOUTHWEST BAR AND GRILL,1
590,AB KING PIZZA,2
596,ABBEY GARDENS,1
970,AL MUNEER RESTAURANT,1
98,1922 COFFEE AND BREW,2
948,AKROPOLIS PASTRIES,1
952,AL AQSA RESTAURANT,2
955,AL CASALE RISTORANTE,1
69,1798 GRILLE,2
969,AL MANDI,1
974,AL OMDA HOOKAH LOUNGE 2,2
325,5SPICE NOODLE GARDEN,1
976,AL PIZZETTA,1
47,1311,1
982,AL TAIB GRILL,2
989,AL'S CHICAGO STYLE HOT DOGS,1
19,"100 DEGREE HOT POT, RAMEN AND BOBA",1
12,1 BROTHER'S PIZZA,1
941,AKO GREEK,2
930,AKIKO SUSHI,1
131,221 WINE BAR,1
140,24/7 CONVENIENCE,1
922,AKARI SUSHI,1
159,2U4U EXPRESS MARKET,2
164,3 BROTHERS FROM ITALY JERSEY SHORE PIZZA,1
203,32ND CAFE,1
204,330 TAKEOUT,1
210,350° BAKERY,1
232,3RD STREET SMOOTHIE BAR,2
870,AJ BAMBINO PIZZERIA,1
419,88 INTERNATIONAL MARKET,2
260,4C BROAST CHICKEN,1
846,AIKO SUSHI,1
277,5 FOOLS,2
805,AGORA GREEK MARKET,1
414,85 C SUGAR TIME,2
0,#1 FRIED RICE,1
470,A BOUNCE ABOVE THE REST,2
637,ABSINTHE PUB AND COFFEE SHOP,2
442,95 TEN,2
517,A TASTE FOR LIFE,2
681,ACME BAR & GRILL,1
452,9BACI,1
700,AD HOC,2
658,ACAPULCO MEXICAN GRILL,1
454,@TAOUK,2
714,ADAMS BURGER BAR,1
601,ABBIRAMI CATERING,1
507,A SAKURA,1
550,A&W ALL AMERICAN FOOD,1
482,A L'OS,1
610,ABC LIQUOR STORE,1
460,A & L'S FAMILY RESTAURANT,2
487,A LA JAPONAISE EXPERIENCE TERIYAKI,2
707,ADAM'S PIZZA AND WINGS,1
726,ADDLEY'S BAGEL,1
508,A SAVORY AFFAIR CUISINE AND CATERING,1
577,AA HOOKAH PIPE & VAPE,1
599,ABBIE CAKES,2
471,A CAFE,2
688,ACQUA DOLCE,2
736,ADMIRAL'S CLUB,2
534,A TOUCH OF GINGER,2
597,ABBEY MARKET GROCERY,2
535,A TOUCH OF GINGER DELIGHT,2
708,ADAM'S PLACE,1
521,A TASTE OF EUROPE,2
282,5 POINTS GRILLE,1
951,AL & JO,1
569,A1 PIZZA & WINGS,1
853,AIR CANADA CLUB,1
257,4949 LOUNGE,1
280,5 PADDLES BREWERY,1
486,A LA FINE POINTE,2
272,5 & DINER DEER VALLEY,1
256,49 STREET TAVERN,2
261,4SAISONS SUSHI,1
86,1889 CAFE,1
479,A GOGO LOUNGE,1
623,ABIE'S SMOKED MEAT & STEAK,1
622,ABESTRIX,1
268,4TH STREET PIZZA,1
835,AI DUMPLINGS,2
478,A FAMILY SECRET,2
269,4U2 SHAWARMA & STEAK,2
954,AL BAIK PIZZA & BROAST,1
571,A18,1
738,ADOBE WINE & LIQUORS,2
942,AKO INTERNATIONAL MARKET,1
857,AIRPLUS HEATING AND COOLING,1
166,3 CASTELOS GRILL HOUSE,2
162,3 AMIGOS TACO EXPRESS,1
171,3 GUYS PIZZA PIES,1
173,3 KINGS HOOKAH LOUNGE,1
154,2K FUSION,2
902,AJM KENSINGTON MEATS,1
176,3 MINOTS,1
185,3 STEPS UP,2
538,A WARD'S CHEESECAKES,2
188,3 TRADE FOOD & WINE,1
195,306 LOUNGE,2
199,32 CHICKEN ST.,1
544,A YIDDISHE MAME,1
887,AJAX LIQUOR STORE,2
206,34 EASY ST,2
657,ACAPPELLA,1
207,341 PIZZA,1
216,360 SEAHOOD,1
546,A&K SHAWARMA,2
130,22 CHURCH STEAK HOUSE,1
224,3:30 TEATIME BUBBLE,1
238,4 SONS CHEVRON,1
83,188 RESTAURANT,1
243,40 NORTHH,1
105,"2 ""DI"" 4 GOURMET KARMEL KORN",1
863,AIRPORT PIZZA,2
862,AIRPORT GRILL,1
860,AIRPORT GATE CAFE & GRILL,1
672,ACE'S MAIN TAP,1
938,AKKI BISTRO,1
528,A TASTE OF SILK BBQ,2
980,AL RAMZAN GROCERS,2
972,AL OMDA,1
706,ADAM'S LOUNGE,1
33,101 VAPOR AND CIGAR SHOP,1
381,786 HALAL BIRYANI HOUSE,1
350,7 BAKER,1
607,ABC COUNTRY RESTAURANT,1
600,ABBIOCCO,1
587,AAHARA FOODS,2
754,AEOSHI CAFE,1
52,155 FAHRENHEIT,1
783,AFTERS,1
782,AFTERNOON TEA,1
380,76,1
305,521 CAFE & BAR,2
991,AL'S COURT LOUNGE & DELI,2
990,AL'S CONE ZONE,1
604,ABC BAKERY & CAFE,1
762,AFGHAN CHATKHARA RESTAURANT,1
369,702 KARAOKE,1
43,123 BULGOGI,1
764,AFGHAN KABOB CUISINE,1
985,AL'DEEWAN HALAL MANAKEESH BAKERY & PIZZA,1
772,AFRICAN DELIGHT CAFE AND RESTAURANT,2
771,AFRICAN & AMERICAN STORE,1
769,AFGHAN KITCHEN,1
35,11 SCALINI,1
705,ADAM'S HALAL PUB,1
55,15°FAHRENHEIT ROLLED ICECREAM,1
717,ADANA SHAWARMA & GRILL,1
57,16 KIDS DELI,2
312,55 DEGREES,1
814,AGUILA'S HIDAWAY,1
576,AA HAWAIIAN BBQ,1
76,180G,1
412,82ND STREET GRILL AND PUB,1
388,7TH ST SPORTS BAR,1
309,5300 BOULEVARD,2
817,AH SO,1
462,A & W DRIVE-IN RESTAURANT,1
330,5TH AVENUE PUB,1
468,A BEVERAGE STORE,1
2,#1 PHO,1
400,802 BEAN COMPANY,2
996,AL'S FISH & CHICKEN,2
334,5TH STREET ARCADES,1
308,52ND STREET TAP & GRILL,1
799,AGLIO E OLIO,2
612,ABC STORE OF MECKLENBURG COUNTY,1
617,ABDEEN INTERNATIONAL MARKET AND CAFE LLC,2
589,AARON & MOSES,1
413,83 & CHESTNUT PUB AND EATERY,2
17,1 PLUS 2 PIZZA & WINGS,0
926,AKEMI,0
138,24/7,0
602,ABBOTT'S FROZEN CUSTARD,0
163,3 BRASSEURS,0
639,ABSOLUTE CAFÉ,0
542,A WORTHY DOG,0
155,2M PIZZA,0
151,26TH STREET MARKET AND CAFE,0
161,3 AMIGOS CANTINA GRILL,0
958,AL DENTE PIZZERIA,0
38,12 EAST CAFE,0
101,19TH AVE LIGHTRAIL STOP,0
85,1888 BBQ,0
962,AL FORNO PIZZA,0
68,17 STEPS RESTAURANT AND BAR,0
965,AL LAGO RISTORANTE,0
967,AL MADINA HALAL MEAT,0
91,1902 TAVERN,0
968,AL MANAR FOOD & MARKET,0
556,A'PROPOS CAFÉ,0
609,ABC HK RESTAURANT,0
95,1909 TAVERNE MODERNE,0
554,A'MEI KITCHEN,0
582,AAA DONAIR & JAMAICAN CUISINE,0
603,ABBY'S GRILL-CAFE,0
553,A&W RESTAURANTS,0
940,AKO DRIVE IN LIQUORS,0
978,AL QUDS,0
48,1360 WEST GRILL,0
629,ABOVE & BEYOND CATERING,0
936,AKITA,0
108,2 COCHONS,0
548,A&S CACTUS EXPRESS,0
547,A&P CHINESE FOOD EXPRESS,0
633,ABRUZZI'S,0
634,ABRUZZO,0
956,AL DAR RESTAURANT,0
501,A PIZZA 555,0
167,3 CHILES MEXICAN FOOD,0
702,AD'S PCAFE,0
352,7 ELEVEN,0
786,AG MACARONS,0
348,6IXTRIANGLES,0
458,A & J'S GRILL,0
345,68 DEGREES SABOR,0
344,6500 TAVERN,0
461,A & S MARKET,0
798,AGIT BILLIARDS & INTERNET CAFE,0
701,AD'S BUFFALO WINGS & PIZZA,0
357,7 SEAS RESTAURANT & GRILL,0
699,ACUA,0
321,5AM CAFÉ,0
808,AGRA SWEETS & TANDOORI,0
464,A A WOK,0
696,ACROSS THE POND,0
695,ACROPOLIS PASTRIES & PIES,0
469,A BIT OF HOME,0
306,5280 MEXICAN GRUB,0
711,ADAMARY'S RESTAURANTE Y PUPUSERIA,0
455,A & A INTERNATIONAL FOOD,0
169,3 EGGS ALL DAY PUB & GRILL,0
434,90 SECOND PIZZERIA,0
744,ADORE II,0
402,808,0
734,ADIA'S DONAIR,0
389,7TH STREET HOTSPOT CAFÉ AND MARKET,0
422,88=EIGHTEIGHT KOREAN CUISINE,0
423,8F ICE CREAM & CREPE,0
753,AEGEAN GRILL,0
424,8ONO8 MUSUBI,0
758,AFC AJUKER CANADA,0
359,7 SENSES,0
443,977 CAFE,0
447,99 CENT SUSHI,0
768,AFGHAN KING KEBAB,0
364,7-ELEVEN BAR,0
775,AFRICANA BBQ CURRIES DRINKS,0
776,AFRICANA EATERY & CHEERS PUB,0
361,7 STAR THAI CUISINE,0
360,7 SKEWERS,0
301,51ST AVE CAFE,0
823,AHI POKE,0
295,50'S ON ADAMS,0
889,AJI ICHIBAN,0
664,ACE BAR,0
231,3RD ST SUSHI & BAR,0
229,3RD BASE BAR & GRILL,0
228,3RD AVENUE GRILL,0
503,A PLACE FOR US,0
878,AJ'S FLORAL BOUTIQUE,0
212,35TH AVE HOOKAH & BILLIARDS,0
205,33RD ANNUAL CLEVELAND IRISH CULTURAL FESTIVAL,0
514,A SWEET MORSEL,0
293,50'S DINER,0
193,303 FUSION KITCHEN,0
190,30 SOUS ZÉRO,0
897,AJIA COMPTOIR ASIATIQUE,0
178,3 PALMS MARKET,0
903,AJMIR HALAL PIZZA & WINGS,0
523,A TASTE OF HEAVEN CAFE AND BAKERY,0
172,3 KINGS CAFE & SHISHA LOUNGE,0
170,3 FOR 2 PIZZA AND WINGS,0
233,4 GIRLS ROTI SHOP,0
665,ACE CANTON KITCHEN,0
420,88 VIETNAMESE RESTAURANT,0
867,AISHWARYA GARDEN,0
685,ACORES ROTISSERIE CHICKEN,0
481,A L'EXPRESS GOURMAND,0
278,5 GUYS  BURGERS & FRIES,0
838,AIDA'S PINE VALLEY BAKERY,0
270,4UATRO ROTISSERIE,0
264,4TH CORNER BAKEHOUSE AND COFFEE CO,0
263,4TH AVENUE LOUNGE,0
844,AIG GROCERY & DESSERTS,0
680,ACKEE TREE DYNAMITE JAMAICAN JERK,0
259,4B CAFE,0
258,4AM BAR & LOUNGE,0
855,AIR FRANCE - KLM LOUNGE,0
488,A LA MODA BAKERY,0
859,AIRPORT CELL PHONE LOT 2,0
861,AIRPORT GATE STEAK AND GRILL,0
671,ACE VENDING,0
495,A MANO ITALIAN EATERY,0
337,605 ON YONGE,0
